<?xml version="1.0" encoding="UTF-8"?>    
<beans xmlns="http://www.springframework.org/schema/beans"    
    xmlns:xsi="http://www.w3.org/2001/XMLSchema-instance"   
    xmlns:p="http://www.springframework.org/schema/p"  
    xmlns:aop="http://www.springframework.org/schema/aop"   
    xmlns:context="http://www.springframework.org/schema/context"  
    xmlns:jee="http://www.springframework.org/schema/jee"  
    xmlns:tx="http://www.springframework.org/schema/tx"  
    xsi:schemaLocation="    
        http://www.springframework.org/schema/aop http://www.springframework.org/schema/aop/spring-aop-4.0.xsd  
        http://www.springframework.org/schema/beans http://www.springframework.org/schema/beans/spring-beans-4.0.xsd  
        http://www.springframework.org/schema/context http://www.springframework.org/schema/context/spring-context-4.0.xsd  
        http://www.springframework.org/schema/jee http://www.springframework.org/schema/jee/spring-jee-4.0.xsd  
        http://www.springframework.org/schema/tx http://www.springframework.org/schema/tx/spring-tx-4.0.xsd">    
  
  
    <bean id="dataSource"
		class="org.springframework.jdbc.datasource.DriverManagerDataSource">
		<property name="driverClassName"
			value="com.mysql.jdbc.Driver">
		</property>
		<property name="url"
			value="jdbc:mysql://localhost:3306/nvshen?useUnicode=true&amp;characterEncoding=utf8">
		</property>
		<!-- value="jdbc:mysql://localhost:3306/nvshen?useUnicode=true&amp;characterEncoding=utf8"> -->
		<property name="username" value="root"></property>
		<property name="password" value=""></property>
	</bean>
      
    <!-- session工厂 -->  
    <bean id="sessionFactory"  
        class="org.springframework.orm.hibernate4.LocalSessionFactoryBean">  
        <property name="dataSource">  
            <ref bean="dataSource" />  
        </property>  
        <property name="configLocation" value="classpath:hibernate.cfg.xml"/>  
        <!-- 自动扫描注解方式配置的hibernate类文件 -->  
        <property name="packagesToScan">  
            <list>  
                <value>com.hoolang.entity</value>  
            </list>  
        </property>  
    </bean>  
  
    <!-- 配置事务管理器 -->  
    <bean id="transactionManager"  
        class="org.springframework.orm.hibernate4.HibernateTransactionManager">  
        <property name="sessionFactory" ref="sessionFactory" />
    </bean>  
  
    <!-- 配置事务通知属性 -->  
    <tx:advice id="txAdvice" transaction-manager="transactionManager">  
        <!-- 定义事务传播属性 -->  
        <tx:attributes>  
            <tx:method name="insert*" propagation="REQUIRED" />  
            <tx:method name="update*" propagation="REQUIRED" />  
            <tx:method name="edit*" propagation="REQUIRED" />  
            <tx:method name="save*" propagation="REQUIRED" />  
            <tx:method name="add*" propagation="REQUIRED" />  
            <tx:method name="new*" propagation="REQUIRED" />  
            <tx:method name="set*" propagation="REQUIRED" />  
            <tx:method name="remove*" propagation="REQUIRED" />  
            <tx:method name="delete*" propagation="REQUIRED" />  
            <tx:method name="change*" propagation="REQUIRED" />  
            <tx:method name="get*" propagation="REQUIRED" read-only="true" />  
            <tx:method name="find*" propagation="REQUIRED" read-only="true" />  
            <tx:method name="load*" propagation="REQUIRED" read-only="true" />  
            <tx:method name="*" propagation="REQUIRED" read-only="true" />  
        </tx:attributes>  
    </tx:advice>  
  
    <!-- 配置事务切面 -->  
    <aop:config>  
        <aop:pointcut id="serviceOperation"  
            expression="execution(* com.hoolang.service.*.*(..))" />  
        <aop:advisor advice-ref="txAdvice" pointcut-ref="serviceOperation" />  
    </aop:config>  
  
    <!-- 自动加载构建bean -->  
    <context:component-scan base-package="com.hoolang" />  
</beans>  